id,text,sentiment
P1,Who is ready for iPhone 6s and iPhone 6s Plus? I know I am :),0
P2,@lucy_larkman there are hacks on how to save heaps of battery time on the iphone :) just google and it will come up,0
P3,Hi Rica Cunanan : ricacunanan09 Do u want to get FREE iPhone 6? Please check my bi0 :) Thx https://t.co/G3rtM5yYC6,0
P4,Hi Ariane Valentine : mainlyboredom Do u want to get FREE iPhone 6? Please check my bi0 :) Thx https://t.co/QABNoLQVnM,0
P5,Hi eastside_crazii : rthompson672 Do u want to get FREE iPhone 6? Please check my bi0 :) Thx https://t.co/65PlSdMhzH,0
P6,Hi jayjay : deguzmxnn Do u want to get FREE iPhone 6? Please check my bi0 :) Thx https://t.co/w6bofABIAz,0
P7,Hi childish colbino  : _Colbae Do u want to get FREE iPhone 6? Please check my bi0 :) Thx https://t.co/ZibRoEIeJj,0
P8,Hi ~~~TS~~~ : urminreflection Do u want to get FREE iPhone 6? Please check my bi0 :) Thx https://t.co/3pm2MqHnZN,0
P9,Hi LBY : AlbyPlays Do u want to get FREE iPhone 6? Please check my bi0 :) Thx https://t.co/muaypotOC2,0
P10,Hi angel : pinedo_angel13 Do u want to get FREE iPhone 6? Please check my bi0 :) Thx https://t.co/69g15MOEoj,0
P11,@pejuangkuis iphone 5s :),0
P12,Iphone 5s.. soon... :),0
P13,@WendyLeBel Could you let us know your device (ex: iPhone 5S) and the OS version? (ex iOS 9) It would be really helpful. :),0
P14,@sararempelos thanks! Once you start navigating your iPhone volume buttons will control the Mapkin voice :),0
P15,iphone 6s release today time to get paid :),0
P16,Be sure to set up Touch ID on your iPhone before you can protect your Bundles using your fingerprint. :) http://t.co/E5CFPwBiQP,0
P17,Hi gabbi : gabzxoxo_ Do you want to get FREE iPhone 6? Hurry check my bi0. Thx :) https://t.co/0SqJj28tJF,0
P18,Hi nicki// : nicki_burrowz Do you want to get FREE iPhone 6? Hurry check my bi0. Thx :) https://t.co/i6GtoghPi0,0
P19,Hi ashly : NicholesSole Do you want to get FREE iPhone 6? Hurry check my bi0. Thx :) https://t.co/K0XXl4TqTi,0
P20,Hi Kayla Blakely : kayla_blakely Do you want to get FREE iPhone 6? Hurry check my bi0. Thx :) https://t.co/g4MnK0fOQv,0
P21,Hi jack briskin : jackiepipes25 Do you want to get FREE iPhone 6? Hurry check my bi0. Thx :) https://t.co/sTplgBOOFq,0
P22,If anyone knows of anyone selling an iPhone 5s in good condition let me know please :),0
P23,@SkinnydipLondon Just wondering if your iPhone 6 cases fit the new 6S? :),0
P24,just ruined my iPhone screen :),0
P25,New rose gold IPhone 6s is super cool...could even make me take off my bulky otter box case :)  https://t.co/iXQNTxLAYD,0
P26,@dancounsell I think Ben should buy us all a new iPhone for his mishap the other day  glad you like your new phone :),0
P27,"The line is part of the experience :) #iphone6s #gimme @ Apple Store, https://t.co/9IaR6DHNOb",0
P28,Hi Marquel M. : biggmackk2 Wanna get FREE iPhone 6? Kindly check my bi0 :) Thx https://t.co/goSAoXeavZ,0
P29,Hi iPhones : ymniiphones Wanna get FREE iPhone 6? Kindly check my bi0 :) Thx https://t.co/uDfBapy9j0,0
P30,Hi Ganja Goddess : _BIGnino_ Wanna get FREE iPhone 6? Kindly check my bi0 :) Thx https://t.co/n43peDGufb,0
P31,Hi TheShu13 : todd_shumard Wanna get FREE iPhone 6? Kindly check my bi0 :) Thx https://t.co/hi9OD1LiM8,0
P32,Hi Don Roth : DonRoth753 Wanna get FREE iPhone 6? Kindly check my bi0 :) Thx https://t.co/mn9QEXfqEY,0
P33,Hi your highness : ManthaMonroe_ Wanna get FREE iPhone 6? Kindly check my bi0 :) Thx https://t.co/9krYIt6wKd,0
P34,Hi Yero Michell : Terroui Wanna get FREE iPhone 6? Kindly check my bi0 :) Thx https://t.co/AbuTu90jcu,0
P35,Hi SpecialOfficer Doofy : iTzDrayOx_95 Wanna get FREE iPhone 6? Kindly check my bi0 :) Thx https://t.co/z1FvWm0oX9,0
P36,Hi Madelyn Clyburn : MadelynClyburn Wanna get FREE iPhone 6? Kindly check my bi0 :) Thx https://t.co/pFAeFfzRd5,0
P37,Hi Anthony : antjones0007 Wanna get FREE iPhone 6? Kindly check my bi0 :) Thx https://t.co/HTUhKqhmMO,0
P38,Hi Mike-Mike : MikeMikeSoDope Wanna get FREE iPhone 6? Kindly check my bi0 :) Thx https://t.co/dP8G1Hh6lp,0
P39,Hi Be : bRealEasy Wanna get FREE iPhone 6? Kindly check my bi0 :) Thx https://t.co/IS41zpEeA2,0
P40,@stroughtonsmith the first iPhone wasnt cheap and that was in 2007 dollars :),0
P41,Hi Raymart / Thanks 5H : Raaymaart Do u want to get FREE iPhone 6? Please check my bi0 :) Thx https://t.co/Yn6ENxQtzv,0
P42,Hi BLACKHAWKS2015CHAMPS : 2ndlast2rise Do u want to get FREE iPhone 6? Please check my bi0 :) Thx https://t.co/mcnh3dChB9,0
P43,Hi  Diamond : _Blaque_D Do u want to get FREE iPhone 6? Please check my bi0 :) Thx https://t.co/l71Fc8SnWO,0
P44,Hi muzammil khan : muz_123 Do u want to get FREE iPhone 6? Please check my bi0 :) Thx https://t.co/tfvai791SK,0
P45,Hi Bri  : PrettyBriSimone Do u want to get FREE iPhone 6? Please check my bi0 :) Thx https://t.co/1qEwU2YODq,0
P46,Hi Jake M : jmac3412 Do u want to get FREE iPhone 6? Please check my bi0 :) Thx https://t.co/QKjCaKGkMQ,0
P47,Hi Harlow : HarlowRaine_RP Do u want to get FREE iPhone 6? Please check my bi0 :) Thx https://t.co/d41sZwZybu,0
P48,Oh ya iPhone launch day @TMobile 17 hour shift :) #BigMoney #ExcitedCustomers,0
P49,Hi Con : Connnnnnn_ Do you want to get FREE iPhone 6? Hurry check my bi0. Thx :) https://t.co/zHASPOoUW9,0
P50,Hi Melony : xMelCole Do you want to get FREE iPhone 6? Hurry check my bi0. Thx :) https://t.co/sOwV8qtgoD,0
P51,Hi Thorin : thorin72 Do you want to get FREE iPhone 6? Hurry check my bi0. Thx :) https://t.co/U0ehws5Yni,0
P52,Hi faishhh : faishaljailani Do you want to get FREE iPhone 6? Hurry check my bi0. Thx :) https://t.co/HEgTNAD8Ka,0
P53,Hi Christieeee : wilsonchristiex Do you want to get FREE iPhone 6? Hurry check my bi0. Thx :) https://t.co/nTZ36sri5D,0
P54,Hi Evan Love : EvanLove9 Do you want to get FREE iPhone 6? Hurry check my bi0. Thx :) https://t.co/jtuWCvsHI0,0
P55,Hi BRANDON COREY : Bcorey14 Do you want to get FREE iPhone 6? Hurry check my bi0. Thx :) https://t.co/Cxc67IXeTe,0
P56,amazing ! i just got iphone 6 from this link : http://t.co/2h8Z3Fk28N :),0
P57,Gonna get my iPhone 6s around 12 :),0
P58,@tatotiee i know you like iPHONE :),0
P59,Hi DeMarko Gage :) : DeMarko_Gage Do u wanna get a BRAND NEW iPhone 6 for FREE? Please check my Bi0 :D Thx https://t.co/8cJktOJBqF,0
P60,Hi Smile :) : Sunshinegrl38 Do u wanna get a BRAND NEW iPhone 6 for FREE? Please check my Bi0 :D Thx https://t.co/CPRWoxe4Yi,0
P61,I'll be doing an Article on the #iphone6s later on today and a review too shortly. ISO #3Dtouch is cool :) you will like it,0
P62,Hi k a y l a m a r i e : kayla_shackle Wanna get FREE iPhone 6? Kindly check my bi0 :) Thx https://t.co/nTJABgZv8U,0
P63,Hi I'm Here to Slay!  : SayDrizzy Wanna get FREE iPhone 6? Kindly check my bi0 :) Thx https://t.co/jB7x2VDqdj,0
P64,Hi Create 5K : FiveKayVFX Wanna get FREE iPhone 6? Kindly check my bi0 :) Thx https://t.co/2P9AXYoJVu,0
P65,Hi Adriana Floridia : adrifloridia Wanna get FREE iPhone 6? Kindly check my bi0 :) Thx https://t.co/w9iE1Uw1o4,0
P66,Hi SHROOM QUEEN : Curlyy_Sue_ Wanna get FREE iPhone 6? Kindly check my bi0 :) Thx https://t.co/wGOGYNIFhj,0
P67,Hi Tiece. : TrillxQveen Wanna get FREE iPhone 6? Kindly check my bi0 :) Thx https://t.co/L2HFkYZui7,0
P68,Hi Curtis Covell-London : Curtisdee1995 Wanna get FREE iPhone 6? Kindly check my bi0 :) Thx https://t.co/kXZEy2HhSn,0
P69,Hi APHRODITE HOOKER : Gaga_Slays_You Wanna get FREE iPhone 6? Kindly check my bi0 :) Thx https://t.co/J1mA68hwwz,0
P70,Hi tie : Taishaaaa Wanna get FREE iPhone 6? Kindly check my bi0 :) Thx https://t.co/RWWpQ26O7m,0
P71,Hi Monty Icenogle : kd6cae Wanna get FREE iPhone 6? Kindly check my bi0 :) Thx https://t.co/txrM9U79Ql,0
P72,Hi Jasmene  : Jasmene Wanna get FREE iPhone 6? Kindly check my bi0 :) Thx https://t.co/1V6Qa4Ky32,0
P73,Hi gemma : gemmamilesxo Wanna get FREE iPhone 6? Kindly check my bi0 :) Thx https://t.co/kTSjaPqcGK,0
P74,Hi Thomas Flores : ThomasFlores22 Wanna get FREE iPhone 6? Kindly check my bi0 :) Thx https://t.co/uhdtOzuGHR,0
P75,Hi hails : haleyxObreann Wanna get FREE iPhone 6? Kindly check my bi0 :) Thx https://t.co/zZJqLHJadr,0
P76,Hi VUJ-Ginger : AsapGinger1 Wanna get FREE iPhone 6? Kindly check my bi0 :) Thx https://t.co/yU1349hza1,0
P77,Hi m. : y0ur_mockingjay Wanna get FREE iPhone 6? Kindly check my bi0 :) Thx https://t.co/ErAF9jPmkB,0
P78,@claude_eustace I used the flash on my iPhone to amp up the color and then just enhanced the contrast in IG :),0
P79,"My cellular data doesn't work anymore, hate u ios9 :)",0
P80,"@Daisy_Swain iPhone 6S Plus 64Gb, and a hotel in San Francisco :)",0
P81,Hi phub : FxknnJayy Do u want to get FREE iPhone 6? Please check my bi0 :) Thx https://t.co/mbxCGKzE5n,0
P82,Hi FOOLS! yannie : demigodtroye Do u want to get FREE iPhone 6? Please check my bi0 :) Thx https://t.co/cCVFiJfgVJ,0
P83,Hi James Shepherd  : Jiminy_Bob Do u want to get FREE iPhone 6? Please check my bi0 :) Thx https://t.co/2BNd4H6TMu,0
P84,Hi AHMad khi fc : AsmaShahzad19 Do u want to get FREE iPhone 6? Please check my bi0 :) Thx https://t.co/qdtciHeenO,0
P85,Hi Kierra D. : _kiduh Do u want to get FREE iPhone 6? Please check my bi0 :) Thx https://t.co/AoR80DdUOu,0
P86,"@BenBajarin if you Google ""people camping in line"" you'd see results for: Apple Store, iPhone 6 and a lonely comiccon 2015 reddit :)",0
P87,We still have iphone 6s in stock iphone ppl :) verizon on main!,0
P88,24 hours of the new iPhone 6S launch: Follow live http://t.co/aKatbTlOwd / Locura :) #BrandLoyalty,0
P89,Hi Janee | 25 : Troylerscoconut Do you want to get FREE iPhone 6? Hurry check my bi0. Thx :) https://t.co/Z2rtd1Ls0h,0
P90,Hi KaciKasface : Kaci_KasFace Do you want to get FREE iPhone 6? Hurry check my bi0. Thx :) https://t.co/u6Ryn6UYFh,0
P91,Hi J. : BallislifeJC Do you want to get FREE iPhone 6? Hurry check my bi0. Thx :) https://t.co/6HY0oPB4j1,0
P92,Hi Destiny Redmon : dessibabygirl Do you want to get FREE iPhone 6? Hurry check my bi0. Thx :) https://t.co/zy7z3821kW,0
P93,Hi . : xocheetahPRINT_ Do you want to get FREE iPhone 6? Hurry check my bi0. Thx :) https://t.co/47q6nw1kZP,0
P94,Hi Ariekal : DallyDoll_Mom Do you want to get FREE iPhone 6? Hurry check my bi0. Thx :) https://t.co/8Ntxhjrjgk,0
P95,Hi Shaine : shaineeeeeeeeee Do you want to get FREE iPhone 6? Hurry check my bi0. Thx :) https://t.co/2RYggCjQ9s,0
P96,Hi Lauren : timothysdrake Do you want to get FREE iPhone 6? Hurry check my bi0. Thx :) https://t.co/KczqIEhKlh,0
P97,Hi  : callawalrus Do you want to get FREE iPhone 6? Hurry check my bi0. Thx :) https://t.co/0RySk1pbxM,0
P98,@ChrisPirillo I received my iPhone 6s a few hours ago massive upgrade from a iPhone 4 :),0
P99,@iFeliLM Yes sir. I'm now the happy owner of the rose gold iPhone 6s. :),0
P100,My iPhone 6s Plus comes today :),0
P101,when you go to Verizon for the new iPhone and leave with the same phone :),0
P102,@sprintnews so mad i didn't know direct 2 u was an option for iphone pre ordering!!!! :( next time!! im in Bmore :) BEST service ever.,0
P103,i like the pressure thing on the new iPhone... think i'll use it a lot! :),0
P104,More bids placed :) Check out #iPhone 6 Gold 128GB UNLOCKED http://t.co/LpHI2B55vp #eBay,0
P105,Hi Justin Latham : TheJustinExp Do u want to get FREE iPhone 6? Please check my bi0 :) Thx https://t.co/2njgqgRNSV,0
P106,Hi Stonecold303� : WanlassJeremiah Do u want to get FREE iPhone 6? Please check my bi0 :) Thx https://t.co/sh0KRSQlJr,0
P107,Hi L : lnhphn Do u want to get FREE iPhone 6? Please check my bi0 :) Thx https://t.co/v2rR6xTYsX,0
P108,Hi #5  : beckers__ Do u want to get FREE iPhone 6? Please check my bi0 :) Thx https://t.co/f5n8ata1ig,0
P109,Hi Patrick : krabypattye Do u want to get FREE iPhone 6? Please check my bi0 :) Thx https://t.co/9FdT5i981f,0
P110,Hi . p&amp;j  : __prettyjas Do u want to get FREE iPhone 6? Please check my bi0 :) Thx https://t.co/RQjvNltjPx,0
P111,@xohomesick O'Currance call center for at&amp;t online ordering in Draper :) the iPhone launch is today so we have to work a 10 hr shift,0
P112,"Some people are getting a new iPhone today... We are getting something better, MUCH BETTER.. Tour Anouncement!!!!! :) @deadsara",0
P113,"If ur in public and ur bored just scream ""hey siri"" and see how many peoples fones rspnd !! iphone 6s siri is on all the time :)",0
P114,This apartment is located in a location above #Gravedona view with your new #iPhone6s :) http://t.co/RAvcxDMI7h http://t.co/DUwh0V9EBS,0
P115,Hi Brock Adwell : Brocktherockk Do you want to get FREE iPhone 6? Hurry check my bi0. Thx :) https://t.co/bwTCKmKsfi,0
P116,Hi VLN%9BMC ESJAY : photoesjay Do you want to get FREE iPhone 6? Hurry check my bi0. Thx :) https://t.co/473dtqnWXG,0
P117,Hi Tavii  : _aivatcO Do you want to get FREE iPhone 6? Hurry check my bi0. Thx :) https://t.co/qZbgHo4e1P,0
P118,Hi yeah but naw : graceilanaaa Do you want to get FREE iPhone 6? Hurry check my bi0. Thx :) https://t.co/Oa8vY8smPu,0
P119,Hi bree || 48 : PROSTHETlCHEAD Do you want to get FREE iPhone 6? Hurry check my bi0. Thx :) https://t.co/Rn2iCo96Jw,0
P120,Hi Carlos Vasquez : obeythetoe Do you want to get FREE iPhone 6? Hurry check my bi0. Thx :) https://t.co/R7biwyHyoQ,0
P121,Hi Caroline Gregory : ckgregory Do you want to get FREE iPhone 6? Hurry check my bi0. Thx :) https://t.co/1wPPVt14XG,0
P122,Hi Zoe McMillan : Z_Daawg Do you want to get FREE iPhone 6? Hurry check my bi0. Thx :) https://t.co/E4lbh2F47K,0
P123,Hi Matthew : THE_KABUC Do you want to get FREE iPhone 6? Hurry check my bi0. Thx :) https://t.co/G610t52qp1,0
P124,Hi Neek : NekTooRuthless_ Do you want to get FREE iPhone 6? Hurry check my bi0. Thx :) https://t.co/aZAosc6tnO,0
P125,Hi 10/17 : __AnnaBee Do you want to get FREE iPhone 6? Hurry check my bi0. Thx :) https://t.co/5E9zVsCqoN,0
P126,Hi TALIBAN : AVisions_ Do you want to get FREE iPhone 6? Hurry check my bi0. Thx :) https://t.co/L4cOrOw94i,0
P127,Hi Grace : oxgraciebabyxo Do you want to get FREE iPhone 6? Hurry check my bi0. Thx :) https://t.co/s4fS43JfmH,0
P128,Hi NM : nmartinezpp Wanna get FREE iPhone 6? Kindly check my bi0 :) Thx https://t.co/E6FzmOdzUU,0
P129,Hi Mr Make It Happen : Q_Armstrong_ Wanna get FREE iPhone 6? Kindly check my bi0 :) Thx https://t.co/Cyhmn27LN3,0
P130,Hi Casee Voss : TheKidVoss Wanna get FREE iPhone 6? Kindly check my bi0 :) Thx https://t.co/2el8KMK9r7,0
P131,Hi Ne : guttaNe_ Wanna get FREE iPhone 6? Kindly check my bi0 :) Thx https://t.co/lLviZY56jE,0
P132,Hi divss : AyeItsDivya_ Wanna get FREE iPhone 6? Kindly check my bi0 :) Thx https://t.co/9IUcLjxhjT,0
P133,Hi Lee : leewelshman Wanna get FREE iPhone 6? Kindly check my bi0 :) Thx https://t.co/YaOAtGMNGF,0
P134,Hi Lan : alanna_hampton Wanna get FREE iPhone 6? Kindly check my bi0 :) Thx https://t.co/qzp75yjuuY,0
P135,Hi Janel DeGregorio : DeGreg0rgeous Wanna get FREE iPhone 6? Kindly check my bi0 :) Thx https://t.co/78zKZ1HgNv,0
P136,Hi Harley Quinn : allisoniscutee Wanna get FREE iPhone 6? Kindly check my bi0 :) Thx https://t.co/cm6f7uRcZO,0
P137,Hi Rozzaeee : ReyZach_ Wanna get FREE iPhone 6? Kindly check my bi0 :) Thx https://t.co/jrd2hsTFz1,0
P138,Hi princess mac : makkkadelic Wanna get FREE iPhone 6? Kindly check my bi0 :) Thx https://t.co/0NsH6lr5l1,0
P139,Hi Tim Keegan : bigtimm916 Wanna get FREE iPhone 6? Kindly check my bi0 :) Thx https://t.co/puSd8rt9cX,0
P140,Hi cass : cassrae_ Wanna get FREE iPhone 6? Kindly check my bi0 :) Thx https://t.co/Bz3H6xUs4q,0
P141,Hi Stuart Drew : cydermonkey Wanna get FREE iPhone 6? Kindly check my bi0 :) Thx https://t.co/HwIIlhf6kF,0
P142,Hi iNeed : ineed Wanna get FREE iPhone 6? Kindly check my bi0 :) Thx https://t.co/M2aGvDwUnA,0
P143,Hi Charlie Thomas : CharlieThomas Wanna get FREE iPhone 6? Kindly check my bi0 :) Thx https://t.co/PcifNilCqu,0
P144,Hi techma73r : blackhawk9741 Wanna get FREE iPhone 6? Kindly check my bi0 :) Thx https://t.co/TSmpz3jxMz,0
P145,Hi angelissa : angieroyce_ Wanna get FREE iPhone 6? Kindly check my bi0 :) Thx https://t.co/DN08Q1SvpV,0
P146,Hi Levi Klips : leviklips Wanna get FREE iPhone 6? Kindly check my bi0 :) Thx https://t.co/2rdkUKuwFl,0
P147,"@FidoSolutions oh, no not at all! Just remarking on the release of a new iPhone today :) but thank you!",0
P148,"not having to participate for an iPhone ""launch day"" is the most exciting thing in the world. still so happy i quit vzw. :)",0
P149,Hi Dylan Mitchum : DylanMitchum Wanna get FREE iPhone 6? Kindly check my bi0 :) Thx https://t.co/K9JghW4W8x,0
P150,Hi Queen Saff : SaffDubz_ Wanna get FREE iPhone 6? Kindly check my bi0 :) Thx https://t.co/2dCBEA07yR,0
P151,Got the iPhone 6S. Pretty sure my screen is going to crack if I keep doing hard presses. Trying to work out which app supports 3D Touch :),0
P152,"@MatthewSantoro Lol, its just a repeat of the iPhone 6+ there is almost no change, and I am from an apple family so... yeah :)",0
P153,Received my Iphone 6s+ :),0
P154,Hi Will Brown : Dub2Fresh Do u want to get FREE iPhone 6? Please check my bi0 :) Thx https://t.co/MRPh0nekVk,0
P155,Hi taiasiaaaaa  : muthalovinasia Do u want to get FREE iPhone 6? Please check my bi0 :) Thx https://t.co/JWJa7eE6qT,0
P156,Hi Melly : EastCoastKnits Do u want to get FREE iPhone 6? Please check my bi0 :) Thx https://t.co/v51QnynLy2,0
P157,Hi Tashhh   : Naataashaa__ Do u want to get FREE iPhone 6? Please check my bi0 :) Thx https://t.co/LfmNEuhnbg,0
P158,Hi M : __AyeeMari Do u want to get FREE iPhone 6? Please check my bi0 :) Thx https://t.co/Qx3VxNjDRK,0
P159,Hi shan : huishantan_ Do you want to get FREE iPhone 6? Hurry check my bi0. Thx :) https://t.co/MyyLShiQgo,0
P160,Hi SHY : SWIFTY___ Do you want to get FREE iPhone 6? Hurry check my bi0. Thx :) https://t.co/gPnuUP20le,0
P161,Hi .. : _aalraK Do you want to get FREE iPhone 6? Hurry check my bi0. Thx :) https://t.co/gTegEgKI8V,0
P162,Hi Zn. : zpn__ Do you want to get FREE iPhone 6? Hurry check my bi0. Thx :) https://t.co/3VJHH1nzlS,0
P163,Hi Rachel Anne : paduarac_ Do you want to get FREE iPhone 6? Hurry check my bi0. Thx :) https://t.co/O1qG71ZL4w,0
P164,Hi Criscelle Espiritu : iselpin Do you want to get FREE iPhone 6? Hurry check my bi0. Thx :) https://t.co/WNzcZXFhUT,0
P165,Hi Becca Franks : BeccaFranks1 Do you want to get FREE iPhone 6? Hurry check my bi0. Thx :) https://t.co/NP0UogSGEs,0
P166,Hi KURAAA : stillPRETTY__ Do you want to get FREE iPhone 6? Hurry check my bi0. Thx :) https://t.co/XAL9kOG1yv,0
P167,Hi  : 90smilk Do you want to get FREE iPhone 6? Hurry check my bi0. Thx :) https://t.co/ynuvA1N0pX,0
P168,Hi sarah : taylrslouis Do you want to get FREE iPhone 6? Hurry check my bi0. Thx :) https://t.co/vFZ1kBb8uX,0
P169,Hi PettyWop : KingPthang Do you want to get FREE iPhone 6? Hurry check my bi0. Thx :) https://t.co/zbFjdwYzgR,0
P170,Hi Lindsey Hewitt : ArtyLinz Do you want to get FREE iPhone 6? Hurry check my bi0. Thx :) https://t.co/GUO9nYCvL2,0
P171,Hi Nyrie F. : Nynycharmaigne Do you want to get FREE iPhone 6? Hurry check my bi0. Thx :) https://t.co/uTrWkiFskC,0
P172,Hi hailey_ : haileybarton97 Do you want to get FREE iPhone 6? Hurry check my bi0. Thx :) https://t.co/nxuSFcAyRu,0
P173,Hi devin . : g0ldpapii Do you want to get FREE iPhone 6? Hurry check my bi0. Thx :) https://t.co/lVWOnx5TK4,0
P174,Hi Camille Serenity : blker_the_berri Do you want to get FREE iPhone 6? Hurry check my bi0. Thx :) https://t.co/Cg14qdB5bB,0
P175,Hi Emma Wilson : emmakwilson3 Do you want to get FREE iPhone 6? Hurry check my bi0. Thx :) https://t.co/nXNwX3quLF,0
P176,Hi chuck : Chuckoren_ Do you want to get FREE iPhone 6? Hurry check my bi0. Thx :) https://t.co/05IMTvFWHj,0
P177,"Happy new #iPhone day to all those getting new shiny objects! For me, I'm shopping for a used iPhone 6. :)",0
P178,My new iPhone 6s Plus has arrived :) http://t.co/PyFsWvbmdu,0
P179,"I have a shiny new #iphone6s waiting for me at home :)
And no, dear reader, it is not pink.
""Rose gold"", yeah, riiiiight ;)",0
P180,Hi Carli A : carliiha22 Wanna get FREE iPhone 6? Kindly check my bi0 :) Thx https://t.co/ijxbGwOnby,0
P181,Hi Skip  : 1Skip_ Wanna get FREE iPhone 6? Kindly check my bi0 :) Thx https://t.co/p5VAUpya9m,0
P182,Hi Martha Easton : Martha_Noreen Wanna get FREE iPhone 6? Kindly check my bi0 :) Thx https://t.co/5UVQhKkSOI,0
P183,Hi Sean English : englishsean_ Wanna get FREE iPhone 6? Kindly check my bi0 :) Thx https://t.co/Fx81S9Niym,0
P184,Hi booty. : peyton_fc Wanna get FREE iPhone 6? Kindly check my bi0 :) Thx https://t.co/PmnXjxX1lO,0
P185,Hi ToSeeHer : DollFaceDarlin Wanna get FREE iPhone 6? Kindly check my bi0 :) Thx https://t.co/21ZmG9EDZd,0
P186,@nvshah I bought an iPhone 6s two weeks ago :),0
P187,anong phone mo? specific please  Iphone 5c :) http://t.co/CDaxsawWVs,0
P188,It's iPhone 6s &amp; 6s Plus launch day!!! We have them in stock at Pinole Verizon (all colors &amp; all sizes) :) :) open 7am-10pm,0
P189,Just got the new #iPhone6s Rose Gold. Thanks to my hubby for standing in line at the Verizon store before the crack of dawn!! :),0
P190,@Katykicker ahhhhh enjoy!!! im kinda jealous although ive never owned an iphone i am tempted!! :),0
P191,@haileyeaston rose gold iPhone 6S :),0
P192,@KateHarrisJay #VerizonATL  A lot of iPhone lovers out there :),0
P193,"Babe, do you have fonts that are bold?  hmm not really... you can try to bold your fonts in iphone settings? :) at http://t.co/s9q8M5nHi9",0
P194,Hi sam vallone : samvallonee Do u want to get FREE iPhone 6? Please check my bi0 :) Thx https://t.co/RnowkZJfIV,0
P195,Hi Veroh TG : VerohTG Do u want to get FREE iPhone 6? Please check my bi0 :) Thx https://t.co/XxYj4vgkRP,0
P196,Hi natashaaa : cztoe Do u want to get FREE iPhone 6? Please check my bi0 :) Thx https://t.co/R3V6rg1MBN,0
P197,Hi LaKaisha   : LA_LiGhTz Do u want to get FREE iPhone 6? Please check my bi0 :) Thx https://t.co/woXgsx4GSi,0
P198,when u go to get the new iPhone &amp; also walk out w a free iPad :),0
P199,"@Aaron_Akhobadze Yes, the iPhone 6 Plus Symmetry Series case also works on the new iPhone 6s Plus as well. :)",0
P200,Hi Olivia Bridwell : oliviabridwell Do you want to get FREE iPhone 6? Hurry check my bi0. Thx :) https://t.co/qg0975uRrX,0
P201,Hi Ariana : acucchiello Do you want to get FREE iPhone 6? Hurry check my bi0. Thx :) https://t.co/ZGSsftg3Ep,0
P202,Hi AILGUP : Pugliaaa Do you want to get FREE iPhone 6? Hurry check my bi0. Thx :) https://t.co/Nie64HjdMN,0
P203,Hi Shelbie : shelbie_white Do you want to get FREE iPhone 6? Hurry check my bi0. Thx :) https://t.co/6Gk4Dye5E3,0
P204,Hi Regan : RGajdostik Do you want to get FREE iPhone 6? Hurry check my bi0. Thx :) https://t.co/i5mMrSzNqb,0
P205,Hi mel : shesbelle__ Do you want to get FREE iPhone 6? Hurry check my bi0. Thx :) https://t.co/AVEhJOqdMU,0
P206,Hi  : Paidbear Do you want to get FREE iPhone 6? Hurry check my bi0. Thx :) https://t.co/d34CLOkO2i,0
P207,Hi marie : mariekohrman Do you want to get FREE iPhone 6? Hurry check my bi0. Thx :) https://t.co/zL1NMbv0Iz,0
P208,Hi Shaviah : ShaviahColeman Do you want to get FREE iPhone 6? Hurry check my bi0. Thx :) https://t.co/mggPv1Cv7V,0
P209,Hi E : msedlynperalta Do you want to get FREE iPhone 6? Hurry check my bi0. Thx :) https://t.co/RanjR7Mxuq,0
P210,Hi Zorrida Rita Harris : thaichica74 Do you want to get FREE iPhone 6? Hurry check my bi0. Thx :) https://t.co/FRSQBvoabm,0
P211,"Hi Jamm'ee . BABBY ,! : jammee_ Do you want to get FREE iPhone 6? Hurry check my bi0. Thx :) https://t.co/LUb7hKiJwE",0
P212,Hi D. : _SpeakingofDeDe Do you want to get FREE iPhone 6? Hurry check my bi0. Thx :) https://t.co/ohfVDYsgzY,0
P213,Our new Trybal browse screen has just gone live on iPhone! Android browse screen coming soon :)  #trybalfeedback,0
P214,@Zoelnology hahaha iPhone  never tried android before!!! Probably the next one :),0
P215,1 smashed iPhone 5s screen!! Hmmmm new one out :) I suspect I will be accused of doing it deliberately ,0
P216,@balsamiq When can we expect updated iphone templates in the desktop application? Or do you have something else in the pipeline? :),0
P217,I am not sure if we are on a mission to get the iPhone 6s+ or a gyro.  Either way @christinabernls is determined :),0
P218,@duncanstevenson Actually not an iphone! Probably why it was delivered so quickly. They were confused about what it could be :),0
P219,"I got a new iPhone, I also hot a new iPhone but I didnt.. I have a life :) http://t.co/Di4ZKDwFfT",0
P220,Hi Paige DeHaven  : PaigeyDeee Wanna get FREE iPhone 6? Kindly check my bi0 :) Thx https://t.co/jf8NMYW9et,0
P221,Hi Apopka_Sprint : SprintApopka Wanna get FREE iPhone 6? Kindly check my bi0 :) Thx https://t.co/MRoW7dEtzX,0
P222,Hi liz : iiadorelizzy Wanna get FREE iPhone 6? Kindly check my bi0 :) Thx https://t.co/VCyLkUXq5D,0
P223,Hi Nialler. : ninyahoran Wanna get FREE iPhone 6? Kindly check my bi0 :) Thx https://t.co/9Ly0zVsImL,0
P224,Hi Yeah that's me : darla140 Wanna get FREE iPhone 6? Kindly check my bi0 :) Thx https://t.co/WOIXNeOxmT,0
P225,Hi CP : CorriPhillips Wanna get FREE iPhone 6? Kindly check my bi0 :) Thx https://t.co/NICNqRARFv,0
P226,Hi Demi  : Iovatcdemi Wanna get FREE iPhone 6? Kindly check my bi0 :) Thx https://t.co/paThZlAWWF,0
P227,Hi DIITRO : denciso3 Wanna get FREE iPhone 6? Kindly check my bi0 :) Thx https://t.co/4EcvBesCsl,0
P228,Hi sydneyy : squid024 Wanna get FREE iPhone 6? Kindly check my bi0 :) Thx https://t.co/VOKZT113Be,0
P229,Hi Nishanth : nishanthgadde Wanna get FREE iPhone 6? Kindly check my bi0 :) Thx https://t.co/F0hMvICzMv,0
P230,Hi Carissa Roncati : carissaronkitty Wanna get FREE iPhone 6? Kindly check my bi0 :) Thx https://t.co/wVKvLBZud5,0
P231,Hi LATIFAH CRESWELL : TBOOMS1LATIFAH Wanna get FREE iPhone 6? Kindly check my bi0 :) Thx https://t.co/A4eDbuE4Bv,0
P232,Hi kelly!belly : OASlCS Wanna get FREE iPhone 6? Kindly check my bi0 :) Thx https://t.co/9YQcNrzyfH,0
P233,When you're sitting there waiting for the UPS truck for your new iphone :) :(,0
P234,Happy iPhone day to those getting a new one :) I'll be visiting a store to play with 3D touch soon!,0
P235,Can't wait to see what @CaseyNeistat and @bemeapp have for me on he iPhone 6s :),0
P236,"@theonlybuss Hello James, welcome aboard. Hope you enjoy your new iPhone... #TheUKsLeadingNetwork :) - KD",0
P237,@Optrix do you guys have your #iphone6s ? Are you testing it? It fits in the case but I want your underwater approval asap :),0
P238,@Educomp maybe :) btw what did i win this time? an old model of iphone? :D,0
P239,One of the most beautiful tech compositions I've ever seen :) #iPhone6s #FitFuzeApp http://t.co/y6BgtWsPsP,0
P240,Hi nah b  : BeLikeMay Do u want to get FREE iPhone 6? Please check my bi0 :) Thx https://t.co/VjdegIHDnz,0
P241,Hi becca greig : beccagreig_x Do u want to get FREE iPhone 6? Please check my bi0 :) Thx https://t.co/0Drvt8ScUV,0
P242,Hi Sid : toxsid_ Do u want to get FREE iPhone 6? Please check my bi0 :) Thx https://t.co/O3pMLLcGe1,0
P243,Hi Tanya : Tanya_oOo Do u want to get FREE iPhone 6? Please check my bi0 :) Thx https://t.co/ImoLYSu8dZ,0
P244,Hi britttany  : janaeesellers Do u want to get FREE iPhone 6? Please check my bi0 :) Thx https://t.co/FlijeuScbZ,0
P245,Hi Shea  : REBBECAFTYAZZ Do u want to get FREE iPhone 6? Please check my bi0 :) Thx https://t.co/MJeDihGiIm,0
P246,@ashleyjamescook Hope your enjoying your new iPhone :) - KD,0
P247,Woo! Dave Fleet was our 1st customer to come visit us and get his hands on a brand new iPhone 6s! Congrats :) http://t.co/JQDTxe6mLf,0
P248,Hi King Karrie  : Imaginee_x3 Do you want to get FREE iPhone 6? Hurry check my bi0. Thx :) https://t.co/P4WGDdGMLY,0
P249,Hi ... : Royleishaaa Do you want to get FREE iPhone 6? Hurry check my bi0. Thx :) https://t.co/SCoNucW5xf,0
P250,Hi whatever : XoNyny Do you want to get FREE iPhone 6? Hurry check my bi0. Thx :) https://t.co/66cgbaJQB0,0
P251,Hi King Chips : SwoDyLOwE34 Do you want to get FREE iPhone 6? Hurry check my bi0. Thx :) https://t.co/n2TGuQg66o,0
P252,Hi Iveth Rangel : Iveth_Rangel66 Do you want to get FREE iPhone 6? Hurry check my bi0. Thx :) https://t.co/IodIs8AhNs,0
P253,Hi Jasmin : Jasmin_Oh_My Do you want to get FREE iPhone 6? Hurry check my bi0. Thx :) https://t.co/fpmofTe89i,0
P254,Hi jocelyn : _yourelovelyxo Do you want to get FREE iPhone 6? Hurry check my bi0. Thx :) https://t.co/vjbRdYLIhG,0
P255,Hi steff : _hellokitty91 Do you want to get FREE iPhone 6? Hurry check my bi0. Thx :) https://t.co/yaOvEpNMf9,0
P256,Hi Vito : FOEVito_ Do you want to get FREE iPhone 6? Hurry check my bi0. Thx :) https://t.co/Z9RmciJNZy,0
P257,Hi Kali Shae Poppell : KaliShaeee Do you want to get FREE iPhone 6? Hurry check my bi0. Thx :) https://t.co/g9cal7v8bb,0
P258,Hi Kim Kardashian : ImTHEfactor Do you want to get FREE iPhone 6? Hurry check my bi0. Thx :) https://t.co/UdTS8A5Cnm,0
P259,Hi yasssjesss : Jessy_Sess Do you want to get FREE iPhone 6? Hurry check my bi0. Thx :) https://t.co/CoZ69LpAyM,0
P260,Hi Bailey | Emma Is Bae : xemma_blackeryx Do you want to get FREE iPhone 6? Hurry check my bi0. Thx :) https://t.co/OkbYO0g9GR,0
P261,Hi Moises : YungRica_ Do you want to get FREE iPhone 6? Hurry check my bi0. Thx :) https://t.co/CJyUNx4v9M,0
P262,Hi Will : __DaVonte__ Do you want to get FREE iPhone 6? Hurry check my bi0. Thx :) https://t.co/mgA7sZ8HL7,0
P263,Hi sara : saranuuu Do you want to get FREE iPhone 6? Hurry check my bi0. Thx :) https://t.co/60Ya97M5Ze,0
P264,Hi Nelly : seguraduke Do you want to get FREE iPhone 6? Hurry check my bi0. Thx :) https://t.co/mJ46WyADRp,0
P265,Hi Omo MUFC : Dat_Lanky_Dude Do you want to get FREE iPhone 6? Hurry check my bi0. Thx :) https://t.co/eXss4hSSCM,0
P266,Hi Nick : nick_walker3 Do you want to get FREE iPhone 6? Hurry check my bi0. Thx :) https://t.co/ryY4KBFQne,0
P267,#Deal #kampanj 2600mAh Pink Power Bank Portable Battery USB Charger Iphone Samsung Sony HTC! :) http://t.co/TgWpeETVaT via @BlueWaterMarket,0
P268,"For anyone waiting on #FedEx to delivery your tiny box, if you haven't backed up your iPhone to the cloud, do so before your 6s arrives :)",0
P269,So ? Is my wife's iPhone in #puertorico or not - impossible to know as @USPS tracking info not been updated since 7pm last night :),0
P270,Hi  Carooe xo : Foo_lovaa Wanna get FREE iPhone 6? Kindly check my bi0 :) Thx https://t.co/rM9S9WIpbV,0
P271,Hi Ruman : rumanbassi Wanna get FREE iPhone 6? Kindly check my bi0 :) Thx https://t.co/ESjl8k1nwo,0
P272,Hi ashley : bocaspwincess Wanna get FREE iPhone 6? Kindly check my bi0 :) Thx https://t.co/0asaqBDAE8,0
P273,Hi Reuben : benrola Wanna get FREE iPhone 6? Kindly check my bi0 :) Thx https://t.co/dN7hwDlRtB,0
P274,Hi trev : FroAlmighty Wanna get FREE iPhone 6? Kindly check my bi0 :) Thx https://t.co/kVCGUhni87,0
P275,Hi Gfazo  : FlyGuyVince Wanna get FREE iPhone 6? Kindly check my bi0 :) Thx https://t.co/3JZIO4O6Kh,0
P276,Hi jeremiah. : JeremiahCobb Wanna get FREE iPhone 6? Kindly check my bi0 :) Thx https://t.co/FJmHsvBdaY,0
P277,Hi V the Villain : uhitsveronica Wanna get FREE iPhone 6? Kindly check my bi0 :) Thx https://t.co/moqdqdUbCD,0
P278,Hi sydney : craysyd Wanna get FREE iPhone 6? Kindly check my bi0 :) Thx https://t.co/h83JG2vSTZ,0
P279,Hi Rachel : LeopLeeRach Wanna get FREE iPhone 6? Kindly check my bi0 :) Thx https://t.co/dZCUtE9ii3,0
P280,Hi Cara Lake : CaraL12 Wanna get FREE iPhone 6? Kindly check my bi0 :) Thx https://t.co/IO4XWsWlVJ,0
P281,Hi Citra Safira : abcitrsafira Wanna get FREE iPhone 6? Kindly check my bi0 :) Thx https://t.co/fmotLCdkzv,0
P282,Hi Alondra : Alondra3757 Wanna get FREE iPhone 6? Kindly check my bi0 :) Thx https://t.co/LbtMVaQmzt,0
P283,Hi mariela khloe : OjouMayeh Wanna get FREE iPhone 6? Kindly check my bi0 :) Thx https://t.co/YuEezpzY7V,0
P284,Hi Tye Lang : Chuck_Daley Wanna get FREE iPhone 6? Kindly check my bi0 :) Thx https://t.co/KleIttCJ2f,0
P285,Hi wagner : wags617 Wanna get FREE iPhone 6? Kindly check my bi0 :) Thx https://t.co/w2TjhMpyrp,0
P286,Hi laela : laela_kurdali Wanna get FREE iPhone 6? Kindly check my bi0 :) Thx https://t.co/938TzpiUPN,0
P287,Managed to get one of these bad boys this morning :) #iPhone6s http://t.co/1qYeZmEgcQ,0
P288,"@maccast: We may have a problem.  No UPS, no iPhone 6s?
Could be worse the Pope could be closing the whole city :)",0
P289,My iphone just arrived in the mail :),0
P290,Hi llnb   : xojab_ Do u want to get FREE iPhone 6? Please check my bi0 :) Thx https://t.co/tJz0r8aVRM,0
P291,Hi starfire : sailorelijah Do u want to get FREE iPhone 6? Please check my bi0 :) Thx https://t.co/NMHoTtUDxP,0
P292,Hi Ashley : ashmetcalfdec11 Do u want to get FREE iPhone 6? Please check my bi0 :) Thx https://t.co/ch4QygbxjP,0
P293,Hi Wynn : WynterAlliyiah Do u want to get FREE iPhone 6? Please check my bi0 :) Thx https://t.co/FsYWHN9AL5,0
P294,Hi erichharvey : erichharvey Do u want to get FREE iPhone 6? Please check my bi0 :) Thx https://t.co/zD140UiQiN,0
P295,Hi Thaddeus John Loh : fookangduk Do u want to get FREE iPhone 6? Please check my bi0 :) Thx https://t.co/rvsY76iFdy,0
P296,Hi CL GZB INDIA : memealuvzCL Do u want to get FREE iPhone 6? Please check my bi0 :) Thx https://t.co/akAIovnVL5,0
P297,"Live coverage of the SF Apple store opening as the iPhone 6 is released
Anyone at #twitchcon there? :) https://t.co/jKTNpqNBJJ",0
P298,Hi grace moes : gmoezy Do you want to get FREE iPhone 6? Hurry check my bi0. Thx :) https://t.co/V9bnplTybE,0
P299,Hi Omo MUFC : Dat_Lanky_Dude Do you want to get FREE iPhone 6? Hurry check my bi0. Thx :) https://t.co/oyAMBjtIjF,0
P300,Hi Marie : therealmarieg Do you want to get FREE iPhone 6? Hurry check my bi0. Thx :) https://t.co/g88IkGbuUK,0
P301,Hi One&amp;Only : IAfricanBeautyI Do you want to get FREE iPhone 6? Hurry check my bi0. Thx :) https://t.co/lSJ0rGylkf,0
P302,Hi TRE$ : bighomietres Do you want to get FREE iPhone 6? Hurry check my bi0. Thx :) https://t.co/cLpZPMEJyq,0
P303,Hi ally  : ughhally Do you want to get FREE iPhone 6? Hurry check my bi0. Thx :) https://t.co/uF4ZHK5KxF,0
P304,Hi tyrant : theragaone Do you want to get FREE iPhone 6? Hurry check my bi0. Thx :) https://t.co/7duod9tyuq,0
P305,Hi yatta : dadfortheday Do you want to get FREE iPhone 6? Hurry check my bi0. Thx :) https://t.co/mnrVzKwafG,0
P306,Hi ki.an.aa : kianaaawho Do you want to get FREE iPhone 6? Hurry check my bi0. Thx :) https://t.co/W51rBiLn5k,0
P307,Hi sierra greer  : SierraNicole425 Do you want to get FREE iPhone 6? Hurry check my bi0. Thx :) https://t.co/EiMXk5fzQv,0
P308,Hi elena tesfaye : elenaxxvictoria Do you want to get FREE iPhone 6? Hurry check my bi0. Thx :) https://t.co/kbTQlveiVq,0
P309,Hi bri : briannaxnicole_ Do you want to get FREE iPhone 6? Hurry check my bi0. Thx :) https://t.co/2WaV9VSfuC,0
P310,Hi Brett Young : Br3ttYoung Do you want to get FREE iPhone 6? Hurry check my bi0. Thx :) https://t.co/D43hqLsN2Q,0
P311,Hi Muva P : patrichh_ Do you want to get FREE iPhone 6? Hurry check my bi0. Thx :) https://t.co/Je5D7bPb8E,0
P312,Hi UberLyft PghGirl : uberlyftpghgirl Do you want to get FREE iPhone 6? Hurry check my bi0. Thx :) https://t.co/tAGaM1Crrv,0
P313,"iPhone 6s! :) (@ Apple Store, Fifth Avenue in New York, NY) https://t.co/j9Y1o06JOH http://t.co/3cz6BVRgXR",0
P314,"NEW VIDEO IS LIVE! iPhone 6S unboxing! RTs and FAVs greatly appreciated :)
https://t.co/lHJJFzWZtJ http://t.co/MNpB0ydRcv",0
P315,Holiday in my Kingdom: I've reached level 30! Catch me if you can :)  http://t.co/PD8rpHmjo2 #GameInsight #iPhone #iPhoneGames,0
P316,Why I'm still on 5.1. :) RT @Espngreeny: This just in: The new operating system for iPhone is a disaster of biblical proportion.,0
P317,"@YodelOnline Yep, I upgraded my phone to an iPhone 6 :)",0
P318,Hi conDRAGulations. : kkinda_busy Wanna get FREE iPhone 6? Kindly check my bi0 :) Thx https://t.co/IYjBJ3XwOy,0
P319,Hi MarcusDean : DCAllDay88 Wanna get FREE iPhone 6? Kindly check my bi0 :) Thx https://t.co/SE2RxAQpKB,0
P320,Hi  : ayeyonami Wanna get FREE iPhone 6? Kindly check my bi0 :) Thx https://t.co/N5kARb1Cvh,0
P321,Hi Mauricio : mofoshoo Wanna get FREE iPhone 6? Kindly check my bi0 :) Thx https://t.co/PqQSBa97C7,0
P322,Hi  : _yourhighhness Wanna get FREE iPhone 6? Kindly check my bi0 :) Thx https://t.co/KHkfpDbQkR,0
P323,Hi AJ Shivar : horiz0nfall Wanna get FREE iPhone 6? Kindly check my bi0 :) Thx https://t.co/hy0BOCeWZE,0
P324,Hi Nippleopolis_ : BlackkkgirlBree Wanna get FREE iPhone 6? Kindly check my bi0 :) Thx https://t.co/XCCQfvYkvf,0
P325,Hi  Jonathan Larios : JonathanL58 Wanna get FREE iPhone 6? Kindly check my bi0 :) Thx https://t.co/qHmSo3sSJQ,0
P326,Hi Devan Thorne : devanthorne Wanna get FREE iPhone 6? Kindly check my bi0 :) Thx https://t.co/Oc8buTcgQU,0
P327,Hi Mike Lawless : MikeLawlessCR Wanna get FREE iPhone 6? Kindly check my bi0 :) Thx https://t.co/aon6cwWx2H,0
P328,Hi EEO : Cheechmo_ Wanna get FREE iPhone 6? Kindly check my bi0 :) Thx https://t.co/3sJusfbSkn,0
P329,Hi Lucass : Lucascox1 Wanna get FREE iPhone 6? Kindly check my bi0 :) Thx https://t.co/EvDawndR6n,0
P330,Hi YoursTruly : ____eeeemmmmiii Wanna get FREE iPhone 6? Kindly check my bi0 :) Thx https://t.co/ra1UY1RN2V,0
P331,@UPS_Canada Indeed! Ill be staring at the clock because the iPhone that was to be delivered today now wont be here until Monday. :),0
P332,New iPhone 6S Plus in hand! WhooHoo! 13 hours in line waiting for this baby and she's all mine now :) http://t.co/HQZmIrf0Yo,0
P333,"iPhone 6s and iPhone 6s Plus launched today :) people were sleeping inside their cars on the parking lot , its hilarious !",0
P334,"I'm so ______ Apple right now!!! :)
#apple #imac #iphone  #iphone6s #applewatch @ Wesley Chapel, Florida https://t.co/S66V2AZjZT",0
P335,"@NYPD19Pct @UN_Spokesperson @UN Get 'Pope Selfie' app!!! :)
iPhone --&gt; https://t.co/UUsV4NBTG6 
Android --&gt; https://t.co/bxIdPkCbtW",0
P336,The iPhone 6s will be available to order with us from 1st October. If you're interested let me know. :) http://t.co/bWLOKtoIut,0
P337,Hi CL GZB INDIA : memealuvzCL Do u want to get FREE iPhone 6? Please check my bi0 :) Thx https://t.co/rYNa18fKa0,0
P338,Hi ...Ali's army... : Jasmine_Jade_99 Do u want to get FREE iPhone 6? Please check my bi0 :) Thx https://t.co/oq9fH2qL3i,0
P339,Hi Zach : Zach_Rataezyk Do u want to get FREE iPhone 6? Please check my bi0 :) Thx https://t.co/JLGknpuMl9,0
P340,Hi Hank of the Plains : hankofthehil Do u want to get FREE iPhone 6? Please check my bi0 :) Thx https://t.co/MtkYjbOVSo,0
P341,Hi Ashley Puentes  : bxdominicanaa Do u want to get FREE iPhone 6? Please check my bi0 :) Thx https://t.co/HiqPN9ZftJ,0
P342,Hi Isabel  : avstinftcam Do u want to get FREE iPhone 6? Please check my bi0 :) Thx https://t.co/NoWgzTXgYo,0
P343,Hi Tony Rodriguez : Trodzz Do u want to get FREE iPhone 6? Please check my bi0 :) Thx https://t.co/3SBXNvHOdb,0
P344,Hi Tracey Edwards : tedwards0701 Do u want to get FREE iPhone 6? Please check my bi0 :) Thx https://t.co/JTYpfsVOWJ,0
P345,@vvanwilgenburg No Barzani cover for my iPhone? :),0
P346,Hi Beyonc� : __kii_ Do you want to get FREE iPhone 6? Hurry check my bi0. Thx :) https://t.co/4GVleS1sFA,0
P347,Hi anjulicd : anjulicd Do you want to get FREE iPhone 6? Hurry check my bi0. Thx :) https://t.co/PMMVIhDFTA,0
P348,Hi FalcoMaster3000 : tsundras Do you want to get FREE iPhone 6? Hurry check my bi0. Thx :) https://t.co/vAd5w8EjTl,0
P349,Hi LongLiveKingBeBe : Dear_Armani Do you want to get FREE iPhone 6? Hurry check my bi0. Thx :) https://t.co/vxBsPKSwKE,0
P350,Hi Drew : andrewlanders_ Do you want to get FREE iPhone 6? Hurry check my bi0. Thx :) https://t.co/Eeww7UIem1,0
P351,Hi Cristy Torres : cristyy__21 Do you want to get FREE iPhone 6? Hurry check my bi0. Thx :) https://t.co/drP5U5UiWz,0
P352,Hi Nancy Nguyen : hello_nanncy Do you want to get FREE iPhone 6? Hurry check my bi0. Thx :) https://t.co/EZus7MV1Dp,0
P353,Hi Mr. D3 : DeezyTheDon_ Do you want to get FREE iPhone 6? Hurry check my bi0. Thx :) https://t.co/MUDgmkNucm,0
P354,Hi Lauren : laurenasheets Do you want to get FREE iPhone 6? Hurry check my bi0. Thx :) https://t.co/a2QMUiuGjr,0
P355,Hi Melissa Rivas : MelBlogz Do you want to get FREE iPhone 6? Hurry check my bi0. Thx :) https://t.co/LHwWh6sAEN,0
P356,Hi Kaylee| 2 DAYS!! : happinessiswifi Do you want to get FREE iPhone 6? Hurry check my bi0. Thx :) https://t.co/mLgZ7hPX2r,0
P357,@PixelsMedia4 playing on my new iPhone 6s :),0
P358,Any end-user reviews of #iPhone6S yet or just bracing for a wave of #innovation from the next version? :),0
P359,Any end-user reviews of #iPhone6S yet or just bracing for a wave of #innovation from the next version? :),0
P360,"@venshkri 1. ill hate u 2. u cant fit the iphone squad 3. im just kidding, pls buy an iphone6s rose gold :) :) :)",0
P361,"Reading "" walking home "" from @clarebalding on the Iphone . Yeah so far so good 
I like it :)",0
P362,Hi thunda  : dKristina_ Wanna get FREE iPhone 6? Kindly check my bi0 :) Thx https://t.co/TKc1ruuRp8,0
P363,Hi Rob Dolan : robd316 Wanna get FREE iPhone 6? Kindly check my bi0 :) Thx https://t.co/821M4wkVPB,0
P364,Hi Knuckles Da Great : KnucklesDaGreat Wanna get FREE iPhone 6? Kindly check my bi0 :) Thx https://t.co/cw4n6Swg0g,0
P365,Hi FREE SMOOTH : highlife_of_DZ Wanna get FREE iPhone 6? Kindly check my bi0 :) Thx https://t.co/BmfmmvlO0H,0
P366,Hi Stephanie Giannetti : StephBKNY Wanna get FREE iPhone 6? Kindly check my bi0 :) Thx https://t.co/Sh9VkqURQQ,0
P367,Hi Dillion : Dillion__ Wanna get FREE iPhone 6? Kindly check my bi0 :) Thx https://t.co/IKEHrmjdKg,0
P368,Hi v //  : MALIBUGILINSKY Wanna get FREE iPhone 6? Kindly check my bi0 :) Thx https://t.co/HyTdp4wblv,0
P369,Hi Arabia : KKKurtie Wanna get FREE iPhone 6? Kindly check my bi0 :) Thx https://t.co/imtsCi6UT8,0
P370,Hi Pinkfluence : Pinkfluence Wanna get FREE iPhone 6? Kindly check my bi0 :) Thx https://t.co/yjtUOkXeJ9,0
P371,Hi holly : hollymills_x Wanna get FREE iPhone 6? Kindly check my bi0 :) Thx https://t.co/C3UsBrACs6,0
P372,Hi Amelia Patrice. : Melieebird Wanna get FREE iPhone 6? Kindly check my bi0 :) Thx https://t.co/MDyWgSnmCE,0
P373,Hi L. L. Pooh-Day : KeepitCordial Wanna get FREE iPhone 6? Kindly check my bi0 :) Thx https://t.co/Dd9e0uDEDp,0
P374,Hi Ash : _NaturalBadASH Wanna get FREE iPhone 6? Kindly check my bi0 :) Thx https://t.co/BUA7MO2olK,0
P375,Hi courts :) // 9 days : ffscourteney Do u wanna get a BRAND NEW iPhone 6 for FREE? Please check my Bi0 :D Thx https://t.co/DhK9iHO9dT,0
P376,texavi1: Any end-user reviews of #iPhone6S yet or just bracing for a wave of #innovation from the next version? :),0
P377,@TypicalReviews hey could i win an iphone 6s i really need upgrade from my iphone 5 :),0
P378,@Hotrod_chickidi iPhone 5 :),0
P379,"""Should Apple discontinue the 16GB iPhone?"" F-ing YES &amp; 32 as well. 64 should be the cheap minimum. It's 2015 ffs. :) http://t.co/u3llGG1Vbm",0
P380,iPhone 6s Plus. So far so good :),0
P381,Hi Samantha Williams : mysparkledlife Do u want to get FREE iPhone 6? Please check my bi0 :) Thx https://t.co/VZTcWRpL6z,0
P382,Hi Haley Lynn : xxhaley95lynnxx Do u want to get FREE iPhone 6? Please check my bi0 :) Thx https://t.co/6Y8fGRVJME,0
P383,Hi Taylor Rae : taylorrae_12 Do u want to get FREE iPhone 6? Please check my bi0 :) Thx https://t.co/kGEp4u5QTu,0
P384,Hi Anya Grom : annpeabody Do u want to get FREE iPhone 6? Please check my bi0 :) Thx https://t.co/GiAjLsmtxu,0
P385,Hi baby rat  : malumzbich Do u want to get FREE iPhone 6? Please check my bi0 :) Thx https://t.co/Ffd9I4ZOka,0
P386,Hi Papa  Jean  : 1Man_Stampede Do u want to get FREE iPhone 6? Please check my bi0 :) Thx https://t.co/ZvEuuotVZW,0
P387,Hi BOOBOO : foxesboo Do u want to get FREE iPhone 6? Please check my bi0 :) Thx https://t.co/Ebwx7WH1XW,0
P388,#iPhone6s and #iphone6splus available at MOA Verizon Destination store :) #mpls #mn #Minneapolis And you get to hang out with me :),0
P389,Hi HoesLoveDreads : DreadHeadKi Do you want to get FREE iPhone 6? Hurry check my bi0. Thx :) https://t.co/OPHQuSa2lF,0
P390,Hi . . . : babygi__ Do you want to get FREE iPhone 6? Hurry check my bi0. Thx :) https://t.co/lscoqCOJJn,0
P391,Hi Motherfuxker Jones : TomJones3397 Do you want to get FREE iPhone 6? Hurry check my bi0. Thx :) https://t.co/YY4sjMngnI,0
P392,Hi oweeeee : champallison Do you want to get FREE iPhone 6? Hurry check my bi0. Thx :) https://t.co/J4JMffgbRr,0
P393,Hi MNDNNE  : amandaanneeee Do you want to get FREE iPhone 6? Hurry check my bi0. Thx :) https://t.co/ydSRK9KBic,0
P394,Hi Alex : perrieftlovato_ Do you want to get FREE iPhone 6? Hurry check my bi0. Thx :) https://t.co/TEZhsMDDbK,0
P395,Hi Ming XO  : _mingXO_ Do you want to get FREE iPhone 6? Hurry check my bi0. Thx :) https://t.co/HbIdphvc2g,0
P396,Hi Meigo : S_Meighan25 Do you want to get FREE iPhone 6? Hurry check my bi0. Thx :) https://t.co/q6bOtXXxL0,0
P397,Hi ALICE : alicemarchukk Do you want to get FREE iPhone 6? Hurry check my bi0. Thx :) https://t.co/QQKJYuGXva,0
P398,Hi . : EsotericDoll_ Do you want to get FREE iPhone 6? Hurry check my bi0. Thx :) https://t.co/yMgNqoAgR2,0
P399,Hi 2% : CallumMc_33 Do you want to get FREE iPhone 6? Hurry check my bi0. Thx :) https://t.co/wvQPspyQOI,0
P400,Hi Sam  : samanthaaa_NH Do you want to get FREE iPhone 6? Hurry check my bi0. Thx :) https://t.co/HyvZ4nAthw,0
P401,Hi montana : blondetana Do you want to get FREE iPhone 6? Hurry check my bi0. Thx :) https://t.co/q2kFuA7pXg,0
P402,Hi brooke : Brooke_Hunter1 Do you want to get FREE iPhone 6? Hurry check my bi0. Thx :) https://t.co/NCiJMTfVYG,0
P403,Hi P Titty : pureherouine Do you want to get FREE iPhone 6? Hurry check my bi0. Thx :) https://t.co/I0kG4sfJBD,0
P404,Hi Prod By Sandmane : SandmaneAVA Do you want to get FREE iPhone 6? Hurry check my bi0. Thx :) https://t.co/VbrWR0CmHO,0
P405,"And for you iPhone users :) Love #Salesforce but not the #Salesforce1 #mobile app? Worry not. Try #LIID, it's free: https://t.co/pnIYDhmyC4",0
P406,hello new phone :) #apple #iphone #iphone6splus #geek https://t.co/iryvVmrPHG,0
P407,"Check out the drop test for the new iPhone 6S and 6S+!  I especially like the plug for iCracked at the end!  :)

https://t.co/SdKXsPZWOd",0
P408,OK #3DTouch is pretty cool and really useful #iPhone6s Wonder if there is an App to order beer with it :),0
P409,"That's what UPS calls ""Express"", but finally it arrived. Unboxing time for the new iPhone 6S Plus! :) http://t.co/HwZMe3NEqq",0
P410,iPhone 5S @MKBHD edition? :) http://t.co/T8yrM6NRPQ,0
P411,It is a rare and glorious day when @Harpax is jealous of MY iPhone :) https://t.co/7tnk8Ph90x,0
P412,iPhone6s pleasee :) [A Year-long money saving process],0
P413,iPhone and Any Android phones please :( :),0
P414,@TiffanyAlvord Hey Tiffany today is iPhone day :) you getting the pink one  lets twin,0
P415,Hi Paul Temperton : Tempo_paul1981 Wanna get FREE iPhone 6? Kindly check my bi0 :) Thx https://t.co/dXt9UeMCtf,0
P416,Hi Cassandra : OohHelloSassy Wanna get FREE iPhone 6? Kindly check my bi0 :) Thx https://t.co/8GgAHqG7Wh,0
P417,Hi no chill soph / 12 : kneesocksgrier Wanna get FREE iPhone 6? Kindly check my bi0 :) Thx https://t.co/IOCDmy5tK4,0
P418,Hi leah : layuhandsonme Wanna get FREE iPhone 6? Kindly check my bi0 :) Thx https://t.co/yBbs4rHZzC,0
P419,Hi shasha : SashaSongz_ Wanna get FREE iPhone 6? Kindly check my bi0 :) Thx https://t.co/YlUHftKqnR,0
P420,Hi Jaycee : jayceewoodbury Wanna get FREE iPhone 6? Kindly check my bi0 :) Thx https://t.co/OH8ZuHEOVJ,0
P421,Hi  Markus Robinson  : MonsieurGQ Wanna get FREE iPhone 6? Kindly check my bi0 :) Thx https://t.co/TtXSPijui8,0
P422,Hi BH : blackboul215 Wanna get FREE iPhone 6? Kindly check my bi0 :) Thx https://t.co/2Eg5zKp79Q,0
P423,Hi Alone(r) : K3ndr1ck_ Wanna get FREE iPhone 6? Kindly check my bi0 :) Thx https://t.co/B4k82HG44b,0
P424,Hi Jeanss : Jeanetttegarcia Wanna get FREE iPhone 6? Kindly check my bi0 :) Thx https://t.co/hBzE44uGDQ,0
P425,Hi Fauve : xserenity17 Wanna get FREE iPhone 6? Kindly check my bi0 :) Thx https://t.co/KiJ1Xx07vG,0
P426,Hi Hannah Wilson : Hannaahwilson Wanna get FREE iPhone 6? Kindly check my bi0 :) Thx https://t.co/DJaYRs6NoZ,0
P427,"@Neill_Ferguson No problem Neill, hope you nejoy your new iPhone :) - KD",0
P428,Getting an iPhone for my birthday :),0
P429,@jennaezarik waiting to leave school so I can stop by a tmobile to pick up my new iPhone 6s Plus. :),0
P430,"A 12mp camera on your new phone. Nice! 
What about 576mp instead? Youve got it in your eyes! :) #iPhone6S http://t.co/Dp2aGyIluJ",0
P431,Hi Bubumagoo  : Bubumagoo Do u want to get FREE iPhone 6? Please check my bi0 :) Thx https://t.co/O7gELXJh7Y,0
P432,Hi Carlos Rojas : cmra159 Do u want to get FREE iPhone 6? Please check my bi0 :) Thx https://t.co/APM9EIZJfe,0
P433,Hi K-San : KSanderss7 Do u want to get FREE iPhone 6? Please check my bi0 :) Thx https://t.co/DB65DXY0et,0
P434,Hi �mon naaa : saysbrook_ Do u want to get FREE iPhone 6? Please check my bi0 :) Thx https://t.co/8ICx9dwo50,0
P435,Hi George Lazaris : parkingguy62 Do u want to get FREE iPhone 6? Please check my bi0 :) Thx https://t.co/AjihbgAQkE,0
P436,Hi Thomas Balades : Tbalades Do u want to get FREE iPhone 6? Please check my bi0 :) Thx https://t.co/rVOlX6pBMQ,0
P437,Hi Plain Jane Here : miss_jane625 Do u want to get FREE iPhone 6? Please check my bi0 :) Thx https://t.co/xLBbxwLexr,0
P438,Hi name: : _0zzman Do u want to get FREE iPhone 6? Please check my bi0 :) Thx https://t.co/HIxezi2Q06,0
P439,Hi  : bama_fangirl Do u want to get FREE iPhone 6? Please check my bi0 :) Thx https://t.co/yDRoMgpdXy,0
P440,@pdparticle Amanda's first new iPhone in several years will be here today though. :),0
P441,"@ijustine Justine, what do you think about the iPhone 6S? :)",0
P442,"@EIJ2016 whoops, iPhone failure :) http://t.co/IvJyscZwJ7",0
P443,@simonpfc I did buddy long wait and had to grab a silver one as all gold sold out :) when did you wanna collect iPad and iPhone ?,0
P444,Hi Katie Burrett Photo : bagschwon Do you want to get FREE iPhone 6? Hurry check my bi0. Thx :) https://t.co/mEf8f1aZRC,0
P445,Hi MaKayla  : MaKaylaMarshawn Do you want to get FREE iPhone 6? Hurry check my bi0. Thx :) https://t.co/9dvSgFEFuI,0
P446,Hi naj : najaerollins Do you want to get FREE iPhone 6? Hurry check my bi0. Thx :) https://t.co/7iWk23bJqL,0
P447,Hi Noah Brace : noahbrace Do you want to get FREE iPhone 6? Hurry check my bi0. Thx :) https://t.co/zvEEVT7ezl,0
P448,Hi Ozz : WizrdOfOsborne Do you want to get FREE iPhone 6? Hurry check my bi0. Thx :) https://t.co/SJZ95mRpCi,0
P449,Hi Kates : KatieChilversx Do you want to get FREE iPhone 6? Hurry check my bi0. Thx :) https://t.co/CsI3gGw0HI,0
P450,Hi T4 : teddyxx23 Do you want to get FREE iPhone 6? Hurry check my bi0. Thx :) https://t.co/ToqvWhHJoy,0
P451,Hi brownskinBOO : GabbyDaTrifecta Do you want to get FREE iPhone 6? Hurry check my bi0. Thx :) https://t.co/wL6lwihNlM,0
P452,Hi Sam : Samantha_xo18 Do you want to get FREE iPhone 6? Hurry check my bi0. Thx :) https://t.co/QSONowJxs2,0
P453,Hi P Titty : pureherouine Do you want to get FREE iPhone 6? Hurry check my bi0. Thx :) https://t.co/tJQqscx9Xb,0
P454,Hi your Lover : SlowDownLauren Do you want to get FREE iPhone 6? Hurry check my bi0. Thx :) https://t.co/2CPvKYUkSm,0
P455,Hi Tee : _juicytee Do you want to get FREE iPhone 6? Hurry check my bi0. Thx :) https://t.co/pnBWAtZQl4,0
P456,Hi P Titty : pureherouine Do you want to get FREE iPhone 6? Hurry check my bi0. Thx :) https://t.co/9Ab9vEmBvy,0
P457,Hi ThirdEyeQuis : obeyquis Do you want to get FREE iPhone 6? Hurry check my bi0. Thx :) https://t.co/9cZOHGmclW,0
P458,Hi Leish : m0ngooseatheart Do you want to get FREE iPhone 6? Hurry check my bi0. Thx :) https://t.co/HIzRSneBcV,0
P459,Hi Kevin Martel : Ksmarts Do you want to get FREE iPhone 6? Hurry check my bi0. Thx :) https://t.co/rM2oT0zG5O,0
P460,Hi Mon�t : aMONETvision Do you want to get FREE iPhone 6? Hurry check my bi0. Thx :) https://t.co/IUYwAQ9pb2,0
P461,Hi Shay Matthias : DeFy_x_FeaR Do you want to get FREE iPhone 6? Hurry check my bi0. Thx :) https://t.co/GI5zJGsl96,0
P462,@EvenhandRepairs ((Oh! I have that app for SomaFM. Found @gridstream - YESSS. Works fine on iPhone. Thanks!! :) )),0
P463,I want you #iPhone6s :),0
P464,"Did you know we are giving the best price on the hight st for your unwanted Iphone 6S? Well, now you do :) t&amp;c's apply, ask instore",0
P465,New iPhone s6 plus ordered and on its way! :),0
P466,Back on team iPhone :),0
P467,First tweet from my new iPhone 6s :),0
P468,impulsed-dream said: Doutzen Kroes wallpapers for iPhone 5/5S please? :) http://t.co/ZQqqP4sEFL,0
P469,"Oh hello, pumpkin :) #iphone6s https://t.co/qFhKCtl0zu",0
P470,Can't wait to get mine :) #iPhone6s  https://t.co/dkKldpwUFm,0
P471,"iPhone 6S/6S+ Carrier Unlocking service will be added in 12 hours from now.

Many Countries carriers will be supporting 6S/6S+ 

Gsm Mega :)",0
P472,Hi Farrah Brenan : BadQuintana Wanna get FREE iPhone 6? Kindly check my bi0 :) Thx https://t.co/vbXh2hW5L6,0
P473,Hi Anand Devlia : SlumDogSwag Wanna get FREE iPhone 6? Kindly check my bi0 :) Thx https://t.co/5eSlzmCwXv,0
P474,Hi your favorite ex  : _alyyshae Wanna get FREE iPhone 6? Kindly check my bi0 :) Thx https://t.co/DwOC0O2UII,0
P475,Hi Raul   : Cosmic_raul Wanna get FREE iPhone 6? Kindly check my bi0 :) Thx https://t.co/83IRSoLaxd,0
P476,Hi Crown : KingChrispy233 Wanna get FREE iPhone 6? Kindly check my bi0 :) Thx https://t.co/9J3lInt3rn,0
P477,Hi YoungNip�note : HustleTreesG Wanna get FREE iPhone 6? Kindly check my bi0 :) Thx https://t.co/Uf1YFaHiEd,0
P478,Hi rapunzel : annitude_ Wanna get FREE iPhone 6? Kindly check my bi0 :) Thx https://t.co/SiZmaRVTd3,0
P479,Hi Kevin Martel : Ksmarts Wanna get FREE iPhone 6? Kindly check my bi0 :) Thx https://t.co/KDtaCZmUrd,0
P480,Hi Ashley : 6040472ashley Wanna get FREE iPhone 6? Kindly check my bi0 :) Thx https://t.co/rwFkMFiCZd,0
P481,Hi lex : _shortSilmon Wanna get FREE iPhone 6? Kindly check my bi0 :) Thx https://t.co/vrcFWh3KZC,0
P482,Hi Big Man : thomascox24 Wanna get FREE iPhone 6? Kindly check my bi0 :) Thx https://t.co/MIfynTT86S,0
P483,Hi Corey  : CorWill335 Wanna get FREE iPhone 6? Kindly check my bi0 :) Thx https://t.co/8wZKaBkEjg,0
P484,Hi #TopShootas : Ddevonn23 Wanna get FREE iPhone 6? Kindly check my bi0 :) Thx https://t.co/tzbE8PK30f,0
P485,Hi Bri : _brinababe Wanna get FREE iPhone 6? Kindly check my bi0 :) Thx https://t.co/rrPqhGUZVP,0
P486,Hi fabs : fabiagledhill Wanna get FREE iPhone 6? Kindly check my bi0 :) Thx https://t.co/35ZTKbfSq1,0
P487,Hi MarkCleope : MCisLegit Wanna get FREE iPhone 6? Kindly check my bi0 :) Thx https://t.co/gbMvJvaNkd,0
P488,Hi Monica : MonicaTheShort1 Wanna get FREE iPhone 6? Kindly check my bi0 :) Thx https://t.co/LmZKLYoLSm,0
P489,Hi Dan Webb : danwrong Wanna get FREE iPhone 6? Kindly check my bi0 :) Thx https://t.co/s20PY8Ubdr,0
P490,Hi Raphael Salen  : RPBeta Wanna get FREE iPhone 6? Kindly check my bi0 :) Thx https://t.co/YbTjHaMYtq,0
P491,Hi Davis : Davis_Hope Wanna get FREE iPhone 6? Kindly check my bi0 :) Thx https://t.co/5WBZWHJYdn,0
P492,Feels nice to have an iPhone again :),0
P493,Can anyone get me an iPhone6s Plus :) ?,0
P494,"@pomeranian99 The ""international"" news on September 25, 2015 are $AAPL, #iPhone6s and #iPhone6sPlus. :)",0
P495,Hi The End  : Nomnomqondiso Do u want to get FREE iPhone 6? Please check my bi0 :) Thx https://t.co/NHzO2kfio6,0
P496,Hi DyamondzR4Eva : jmsdway Do u want to get FREE iPhone 6? Please check my bi0 :) Thx https://t.co/a2dMvhae2q,0
P497,Hi solihin : muhdsolihin23 Do u want to get FREE iPhone 6? Please check my bi0 :) Thx https://t.co/cSuWV6cVx6,0
P498,Hi Andi N.  : inlovewithcamd_ Do u want to get FREE iPhone 6? Please check my bi0 :) Thx https://t.co/9APvbYTJ6o,0
P499,Hi nia : deluxechaelin Do u want to get FREE iPhone 6? Please check my bi0 :) Thx https://t.co/qJQB2IOWY4,0
P500,Hi JBM . : TuesdayBleu Do u want to get FREE iPhone 6? Please check my bi0 :) Thx https://t.co/onTRNk54jD,0
P501,Hi Adam Crandall : adamkcrandall Do u want to get FREE iPhone 6? Please check my bi0 :) Thx https://t.co/lwtg7grDRx,0
